ULO1	ULO1_sample_006	ggatgatc:ggatgatc	GGWACWRGWTGRACWNTNTAYCCYCC	TANACYTCNGGRTGNCCRAARAAYCA	F @ position=01_01F;
ULO1	ULO1_sample_007	ggattcga:ggattcga	GGWACWRGWTGRACWNTNTAYCCYCC	TANACYTCNGGRTGNCCRAARAAYCA	F @ position=01_01G;
ULO1	ULO1_sample_008	tagcaagg:tagcaagg	GGWACWRGWTGRACWNTNTAYCCYCC	TANACYTCNGGRTGNCCRAARAAYCA	F @ position=01_01H;
ULO1	ULO1_sample_011	tgaggaca:tgaggaca	GGWACWRGWTGRACWNTNTAYCCYCC	TANACYTCNGGRTGNCCRAARAAYCA	F @ position=01_02C;
ULO1	ULO1_sample_012	cgatacac:cgatacac	GGWACWRGWTGRACWNTNTAYCCYCC	TANACYTCNGGRTGNCCRAARAAYCA	F @ position=01_02D;
ULO1	ULO1_sample_013	tagccact:tagccact	GGWACWRGWTGRACWNTNTAYCCYCC	TANACYTCNGGRTGNCCRAARAAYCA	F @ position=01_02E;
ULO1	ULO1_sample_016	gtcacaga:gtcacaga	GGWACWRGWTGRACWNTNTAYCCYCC	TANACYTCNGGRTGNCCRAARAAYCA	F @ position=01_02H;
ULO1	ULO1_sample_017	cgaccata:cgaccata	GGWACWRGWTGRACWNTNTAYCCYCC	TANACYTCNGGRTGNCCRAARAAYCA	F @ position=01_03A;
ULO1	ULO1_sample_018	gtgcaact:gtgcaact	GGWACWRGWTGRACWNTNTAYCCYCC	TANACYTCNGGRTGNCCRAARAAYCA	F @ position=01_03B;
ULO1	ULO1_sample_021	gaggacta:gaggacta	GGWACWRGWTGRACWNTNTAYCCYCC	TANACYTCNGGRTGNCCRAARAAYCA	F @ position=01_03E;
ULO1	ULO1_sample_022	ctggttga:ctggttga	GGWACWRGWTGRACWNTNTAYCCYCC	TANACYTCNGGRTGNCCRAARAAYCA	F @ position=01_03F;
ULO1	ULO1_sample_023	cgcataga:cgcataga	GGWACWRGWTGRACWNTNTAYCCYCC	TANACYTCNGGRTGNCCRAARAAYCA	F @ position=01_03G;
ULO1	ULO1_sample_026	acaaccga:acaaccga	GGWACWRGWTGRACWNTNTAYCCYCC	TANACYTCNGGRTGNCCRAARAAYCA	F @ position=01_04B;
ULO1	ULO1_sample_027	gagtaacc:gagtaacc	GGWACWRGWTGRACWNTNTAYCCYCC	TANACYTCNGGRTGNCCRAARAAYCA	F @ position=01_04C;
ULO1	ULO1_sample_028	caggctaa:caggctaa	GGWACWRGWTGRACWNTNTAYCCYCC	TANACYTCNGGRTGNCCRAARAAYCA	F @ position=01_04D;
ULO1	ULO1_sample_046	aacctgct:aacctgct	GGWACWRGWTGRACWNTNTAYCCYCC	TANACYTCNGGRTGNCCRAARAAYCA	F @ position=01_06F;
ULO1	ULO1_sample_047	ctgtcaac:ctgtcaac	GGWACWRGWTGRACWNTNTAYCCYCC	TANACYTCNGGRTGNCCRAARAAYCA	F @ position=01_06G;
ULO1	ULO1_sample_048	aacgcgat:aacgcgat	GGWACWRGWTGRACWNTNTAYCCYCC	TANACYTCNGGRTGNCCRAARAAYCA	F @ position=01_06H;
ULO1	ULO1_sample_051	tcagtcga:tcagtcga	GGWACWRGWTGRACWNTNTAYCCYCC	TANACYTCNGGRTGNCCRAARAAYCA	F @ position=01_07C;
ULO1	ULO1_sample_052	aaccaacg:aaccaacg	GGWACWRGWTGRACWNTNTAYCCYCC	TANACYTCNGGRTGNCCRAARAAYCA	F @ position=01_07D;
ULO1	ULO1_sample_053	gagttcct:gagttcct	GGWACWRGWTGRACWNTNTAYCCYCC	TANACYTCNGGRTGNCCRAARAAYCA	F @ position=01_07E;
ULO1	ULO1_sample_056	cgcgtaat:cgcgtaat	GGWACWRGWTGRACWNTNTAYCCYCC	TANACYTCNGGRTGNCCRAARAAYCA	F @ position=01_07H;
ULO1	ULO1_sample_057	tgagagct:tgagagct	GGWACWRGWTGRACWNTNTAYCCYCC	TANACYTCNGGRTGNCCRAARAAYCA	F @ position=01_08A;
ULO1	ULO1_sample_058	ctgagtct:ctgagtct	GGWACWRGWTGRACWNTNTAYCCYCC	TANACYTCNGGRTGNCCRAARAAYCA	F @ position=01_08B;
ULO1	ULO1_sample_061	acacacag:acacacag	GGWACWRGWTGRACWNTNTAYCCYCC	TANACYTCNGGRTGNCCRAARAAYCA	F @ position=01_08E;
ULO1	ULO1_sample_062	tccaagca:tccaagca	GGWACWRGWTGRACWNTNTAYCCYCC	TANACYTCNGGRTGNCCRAARAAYCA	F @ position=01_08F;
ULO1	ULO1_sample_063	cgcatctt:cgcatctt	GGWACWRGWTGRACWNTNTAYCCYCC	TANACYTCNGGRTGNCCRAARAAYCA	F @ position=01_08G;
ULO1	ULO1_sample_075	acaagacc:acaagacc	GGWACWRGWTGRACWNTNTAYCCYCC	TANACYTCNGGRTGNCCRAARAAYCA	F @ position=01_10C;
ULO1	ULO1_sample_076	agaacgtg:agaacgtg	GGWACWRGWTGRACWNTNTAYCCYCC	TANACYTCNGGRTGNCCRAARAAYCA	F @ position=01_10D;
ULO1	ULO1_sample_077	acacaggt:acacaggt	GGWACWRGWTGRACWNTNTAYCCYCC	TANACYTCNGGRTGNCCRAARAAYCA	F @ position=01_10E;
