ULO2	ULO2_sample_086	ggatgatc:ggatgatc	GGWACWRGWTGRACWNTNTAYCCYCC	TANACYTCNGGRTGNCCRAARAAYCA
ULO2	ULO2_sample_087	ggattcga:ggattcga	GGWACWRGWTGRACWNTNTAYCCYCC	TANACYTCNGGRTGNCCRAARAAYCA
ULO2	ULO2_sample_088	tagcaagg:tagcaagg	GGWACWRGWTGRACWNTNTAYCCYCC	TANACYTCNGGRTGNCCRAARAAYCA
ULO2	ULO2_sample_091	tgaggaca:tgaggaca	GGWACWRGWTGRACWNTNTAYCCYCC	TANACYTCNGGRTGNCCRAARAAYCA
ULO2	ULO2_sample_092	cgatacac:cgatacac	GGWACWRGWTGRACWNTNTAYCCYCC	TANACYTCNGGRTGNCCRAARAAYCA
ULO2	ULO2_sample_093	tagccact:tagccact	GGWACWRGWTGRACWNTNTAYCCYCC	TANACYTCNGGRTGNCCRAARAAYCA
ULO2	ULO2_sample_096	gtcacaga:gtcacaga	GGWACWRGWTGRACWNTNTAYCCYCC	TANACYTCNGGRTGNCCRAARAAYCA
ULO2	ULO2_sample_097	cgaccata:cgaccata	GGWACWRGWTGRACWNTNTAYCCYCC	TANACYTCNGGRTGNCCRAARAAYCA
ULO2	ULO2_sample_098	gtgcaact:gtgcaact	GGWACWRGWTGRACWNTNTAYCCYCC	TANACYTCNGGRTGNCCRAARAAYCA
ULO2	ULO2_sample_101	gaggacta:gaggacta	GGWACWRGWTGRACWNTNTAYCCYCC	TANACYTCNGGRTGNCCRAARAAYCA
ULO2	ULO2_sample_102	ctggttga:ctggttga	GGWACWRGWTGRACWNTNTAYCCYCC	TANACYTCNGGRTGNCCRAARAAYCA
ULO2	ULO2_sample_103	cgcataga:cgcataga	GGWACWRGWTGRACWNTNTAYCCYCC	TANACYTCNGGRTGNCCRAARAAYCA
ULO2	ULO2_sample_106	acaaccga:acaaccga	GGWACWRGWTGRACWNTNTAYCCYCC	TANACYTCNGGRTGNCCRAARAAYCA
ULO2	ULO2_sample_107	gagtaacc:gagtaacc	GGWACWRGWTGRACWNTNTAYCCYCC	TANACYTCNGGRTGNCCRAARAAYCA
ULO2	ULO2_sample_108	caggctaa:caggctaa	GGWACWRGWTGRACWNTNTAYCCYCC	TANACYTCNGGRTGNCCRAARAAYCA
ULO2	ULO2_sample_125	gtgtagtc:gtgtagtc	GGWACWRGWTGRACWNTNTAYCCYCC	TANACYTCNGGRTGNCCRAARAAYCA
ULO2	ULO2_sample_126	aacctgct:aacctgct	GGWACWRGWTGRACWNTNTAYCCYCC	TANACYTCNGGRTGNCCRAARAAYCA
ULO2	ULO2_sample_127	ctgtcaac:ctgtcaac	GGWACWRGWTGRACWNTNTAYCCYCC	TANACYTCNGGRTGNCCRAARAAYCA
ULO2	ULO2_sample_132	aaccaacg:aaccaacg	GGWACWRGWTGRACWNTNTAYCCYCC	TANACYTCNGGRTGNCCRAARAAYCA
ULO2	ULO2_sample_133	gagttcct:gagttcct	GGWACWRGWTGRACWNTNTAYCCYCC	TANACYTCNGGRTGNCCRAARAAYCA
ULO2	ULO2_sample_134	ggatgtct:ggatgtct	GGWACWRGWTGRACWNTNTAYCCYCC	TANACYTCNGGRTGNCCRAARAAYCA
ULO2	ULO2_sample_135	tccaccta:tccaccta	GGWACWRGWTGRACWNTNTAYCCYCC	TANACYTCNGGRTGNCCRAARAAYCA
ULO2	ULO2_sample_136	cgcgtaat:cgcgtaat	GGWACWRGWTGRACWNTNTAYCCYCC	TANACYTCNGGRTGNCCRAARAAYCA
ULO2	ULO2_sample_137	tgagagct:tgagagct	GGWACWRGWTGRACWNTNTAYCCYCC	TANACYTCNGGRTGNCCRAARAAYCA
ULO2	ULO2_sample_140	ctgcgaat:ctgcgaat	GGWACWRGWTGRACWNTNTAYCCYCC	TANACYTCNGGRTGNCCRAARAAYCA
ULO2	ULO2_sample_141	acacacag:acacacag	GGWACWRGWTGRACWNTNTAYCCYCC	TANACYTCNGGRTGNCCRAARAAYCA
ULO2	ULO2_sample_142	tccaagca:tccaagca	GGWACWRGWTGRACWNTNTAYCCYCC	TANACYTCNGGRTGNCCRAARAAYCA
ULO2	ULO2_sample_145	ctgacctt:ctgacctt	GGWACWRGWTGRACWNTNTAYCCYCC	TANACYTCNGGRTGNCCRAARAAYCA
ULO2	ULO2_sample_146	gaggtgaa:gaggtgaa	GGWACWRGWTGRACWNTNTAYCCYCC	TANACYTCNGGRTGNCCRAARAAYCA
ULO2	ULO2_sample_147	gtgctcaa:gtgctcaa	GGWACWRGWTGRACWNTNTAYCCYCC	TANACYTCNGGRTGNCCRAARAAYCA
