ULO2	ULO2_sample_086	ggatgatc:ggatgatc	GGWACWRGWTGRACWNTNTAYCCYCC	TANACYTCNGGRTGNCCRAARAAYCA	F @ position=01_01F;
ULO2	ULO2_sample_087	ggattcga:ggattcga	GGWACWRGWTGRACWNTNTAYCCYCC	TANACYTCNGGRTGNCCRAARAAYCA	F @ position=01_01G;
ULO2	ULO2_sample_088	tagcaagg:tagcaagg	GGWACWRGWTGRACWNTNTAYCCYCC	TANACYTCNGGRTGNCCRAARAAYCA	F @ position=01_01H;
ULO2	ULO2_sample_091	tgaggaca:tgaggaca	GGWACWRGWTGRACWNTNTAYCCYCC	TANACYTCNGGRTGNCCRAARAAYCA	F @ position=01_02C;
ULO2	ULO2_sample_092	cgatacac:cgatacac	GGWACWRGWTGRACWNTNTAYCCYCC	TANACYTCNGGRTGNCCRAARAAYCA	F @ position=01_02D;
ULO2	ULO2_sample_093	tagccact:tagccact	GGWACWRGWTGRACWNTNTAYCCYCC	TANACYTCNGGRTGNCCRAARAAYCA	F @ position=01_02E;
ULO2	ULO2_sample_096	gtcacaga:gtcacaga	GGWACWRGWTGRACWNTNTAYCCYCC	TANACYTCNGGRTGNCCRAARAAYCA	F @ position=01_02H;
ULO2	ULO2_sample_097	cgaccata:cgaccata	GGWACWRGWTGRACWNTNTAYCCYCC	TANACYTCNGGRTGNCCRAARAAYCA	F @ position=01_03A;
ULO2	ULO2_sample_098	gtgcaact:gtgcaact	GGWACWRGWTGRACWNTNTAYCCYCC	TANACYTCNGGRTGNCCRAARAAYCA	F @ position=01_03B;
ULO2	ULO2_sample_101	gaggacta:gaggacta	GGWACWRGWTGRACWNTNTAYCCYCC	TANACYTCNGGRTGNCCRAARAAYCA	F @ position=01_03E;
ULO2	ULO2_sample_102	ctggttga:ctggttga	GGWACWRGWTGRACWNTNTAYCCYCC	TANACYTCNGGRTGNCCRAARAAYCA	F @ position=01_03F;
ULO2	ULO2_sample_103	cgcataga:cgcataga	GGWACWRGWTGRACWNTNTAYCCYCC	TANACYTCNGGRTGNCCRAARAAYCA	F @ position=01_03G;
ULO2	ULO2_sample_106	acaaccga:acaaccga	GGWACWRGWTGRACWNTNTAYCCYCC	TANACYTCNGGRTGNCCRAARAAYCA	F @ position=01_04B;
ULO2	ULO2_sample_107	gagtaacc:gagtaacc	GGWACWRGWTGRACWNTNTAYCCYCC	TANACYTCNGGRTGNCCRAARAAYCA	F @ position=01_04C;
ULO2	ULO2_sample_108	caggctaa:caggctaa	GGWACWRGWTGRACWNTNTAYCCYCC	TANACYTCNGGRTGNCCRAARAAYCA	F @ position=01_04D;
ULO2	ULO2_sample_125	gtgtagtc:gtgtagtc	GGWACWRGWTGRACWNTNTAYCCYCC	TANACYTCNGGRTGNCCRAARAAYCA	F @ position=01_06E;
ULO2	ULO2_sample_126	aacctgct:aacctgct	GGWACWRGWTGRACWNTNTAYCCYCC	TANACYTCNGGRTGNCCRAARAAYCA	F @ position=01_06F;
ULO2	ULO2_sample_127	ctgtcaac:ctgtcaac	GGWACWRGWTGRACWNTNTAYCCYCC	TANACYTCNGGRTGNCCRAARAAYCA	F @ position=01_06G;
ULO2	ULO2_sample_132	aaccaacg:aaccaacg	GGWACWRGWTGRACWNTNTAYCCYCC	TANACYTCNGGRTGNCCRAARAAYCA	F @ position=01_07D;
ULO2	ULO2_sample_133	gagttcct:gagttcct	GGWACWRGWTGRACWNTNTAYCCYCC	TANACYTCNGGRTGNCCRAARAAYCA	F @ position=01_07E;
ULO2	ULO2_sample_134	ggatgtct:ggatgtct	GGWACWRGWTGRACWNTNTAYCCYCC	TANACYTCNGGRTGNCCRAARAAYCA	F @ position=01_07F;
ULO2	ULO2_sample_135	tccaccta:tccaccta	GGWACWRGWTGRACWNTNTAYCCYCC	TANACYTCNGGRTGNCCRAARAAYCA	F @ position=01_07G;
ULO2	ULO2_sample_136	cgcgtaat:cgcgtaat	GGWACWRGWTGRACWNTNTAYCCYCC	TANACYTCNGGRTGNCCRAARAAYCA	F @ position=01_07H;
ULO2	ULO2_sample_137	tgagagct:tgagagct	GGWACWRGWTGRACWNTNTAYCCYCC	TANACYTCNGGRTGNCCRAARAAYCA	F @ position=01_08A;
ULO2	ULO2_sample_140	ctgcgaat:ctgcgaat	GGWACWRGWTGRACWNTNTAYCCYCC	TANACYTCNGGRTGNCCRAARAAYCA	F @ position=01_08D;
ULO2	ULO2_sample_141	acacacag:acacacag	GGWACWRGWTGRACWNTNTAYCCYCC	TANACYTCNGGRTGNCCRAARAAYCA	F @ position=01_08E;
ULO2	ULO2_sample_142	tccaagca:tccaagca	GGWACWRGWTGRACWNTNTAYCCYCC	TANACYTCNGGRTGNCCRAARAAYCA	F @ position=01_08F;
ULO2	ULO2_sample_145	ctgacctt:ctgacctt	GGWACWRGWTGRACWNTNTAYCCYCC	TANACYTCNGGRTGNCCRAARAAYCA	F @ position=01_09A;
ULO2	ULO2_sample_146	gaggtgaa:gaggtgaa	GGWACWRGWTGRACWNTNTAYCCYCC	TANACYTCNGGRTGNCCRAARAAYCA	F @ position=01_09B;
ULO2	ULO2_sample_147	gtgctcaa:gtgctcaa	GGWACWRGWTGRACWNTNTAYCCYCC	TANACYTCNGGRTGNCCRAARAAYCA	F @ position=01_09C;
